﻿[
    {
        "path":  ".github/agent/agent.mjs",
        "size":  4461,
        "lines":  150,
        "sha256":  "a0f98097a1cc0de2fb2479ca93f47517e70287069fffe32bdc86a7b7db5b76cb"
    },
    {
        "path":  ".github/agent/CONSTITUTION.md",
        "size":  4185,
        "lines":  196,
        "sha256":  "bc64b423d1e0e86c803e38112fb06c8e91fef7e6a497b208d4f6e069d275c3ce"
    },
    {
        "path":  ".github/agent/FRONTEND_CONSTITUTION.md",
        "size":  3140,
        "lines":  85,
        "sha256":  "604a3f2416bb79506af5376606ad04472b80617bcb616c10a1944eca26eea48a"
    },
    {
        "path":  ".github/agent/PATCH_gatherContext.diff",
        "size":  874,
        "lines":  27,
        "sha256":  "5351518c2802d104d9e7a0d3a0fd612dff0a10669b84c658b4432b495b240607"
    },
    {
        "path":  ".github/agent/plan-and-commit.mjs",
        "size":  8491,
        "lines":  234,
        "sha256":  "8e9a71509ff5ac1fbe6d804d09b027258e5e7be70757779bd758c2c9035d4b68"
    },
    {
        "path":  ".github/agent/theme-constitution-check.mjs",
        "size":  3593,
        "lines":  94,
        "sha256":  "796cbb2fbe2cf847e11a970a84088ded48e778ae3a0cacfc16c5814bf019a16d"
    },
    {
        "path":  ".github/workflows/agent.yml",
        "size":  8531,
        "lines":  229,
        "sha256":  "c246d1ba29bbf312062f0fd42eef7776954c6c2692b9606c1c55d18e93e6d42f"
    },
    {
        "path":  ".github/workflows/apply-migrations.yml",
        "size":  3340,
        "lines":  90,
        "sha256":  "0c9ba28bbaa4d7365d5e5d7ead6f939ffd2b6d7953cac4ff95f68cdb38aef7b9"
    },
    {
        "path":  ".github/workflows/ci-main.yml",
        "size":  715,
        "lines":  16,
        "sha256":  "65c5f0ed345f0852d8d309ff746ecdea041c5490d3cc870a4205bcfcb1be1865"
    },
    {
        "path":  ".github/workflows/constitution-check.yml",
        "size":  1649,
        "lines":  69,
        "sha256":  "56e0b9149c5d031d6cb00102bc65b9e6d494df2e038302e81bf5a4b023fbfda5"
    },
    {
        "path":  ".github/workflows/constitution-fix.yml",
        "size":  6840,
        "lines":  175,
        "sha256":  "41d61a270469216e33f79bb171ee941a9cd9376ff2c228c5b8b41b54e2a65eb4"
    },
    {
        "path":  ".github/workflows/index-main.yml",
        "size":  1204,
        "lines":  48,
        "sha256":  "4de3805f4ffec43f157d91cd6d5939c693199158259074f7bdbca08a196e23e7"
    },
    {
        "path":  ".github/workflows/pr-pretty-url.yml",
        "size":  937,
        "lines":  26,
        "sha256":  "9763775ff1713bb439d4d573238eaa2dd428a84aeb23c9f9a184a1bc2dc08a2b"
    },
    {
        "path":  ".github/workflows/preview-cleanup.yml",
        "size":  1826,
        "lines":  56,
        "sha256":  "24d36d23a616c4ef83b7f22f1691fcdf1ce580b9c94bbbcbd100e02b7ee4e4e7"
    },
    {
        "path":  ".github/workflows/preview-web.yml",
        "size":  9548,
        "lines":  233,
        "sha256":  "1f840be349eb5202208a03deabb074774c27c991fd02758104b43351ffa2e756"
    },
    {
        "path":  ".github/workflows/preview.yml",
        "size":  3771,
        "lines":  118,
        "sha256":  "5999d0f1b04f7214e98f310aa63a31c9d2497e9c2af068e67eb119cb319b282a"
    },
    {
        "path":  ".github/workflows/runner-image.yml",
        "size":  1095,
        "lines":  43,
        "sha256":  "6cd94bd122bde3787673840d6885d3f42f320b6a4d2971653f27844f57f8e6de"
    },
    {
        "path":  ".github/workflows/search-smoke.yml",
        "size":  2052,
        "lines":  67,
        "sha256":  "c78d2336181ad62ed71b705dc9e663bc42cc5df41a1c9b10b13a31bb29efe654"
    },
    {
        "path":  ".github/workflows/smoke.yml",
        "size":  3553,
        "lines":  106,
        "sha256":  "5a19bd55cdc1308f00010c787a1192e058d167c0ce796ed2eeb139921a872483"
    },
    {
        "path":  ".github/workflows/stage0-smoke.yml",
        "size":  3208,
        "lines":  106,
        "sha256":  "23fad2145c564f047d207dee1461c76d3583767f10c34b6d7e5c44fa03d3b562"
    },
    {
        "path":  ".github/workflows/theme-validate.yml",
        "size":  494,
        "lines":  23,
        "sha256":  "c9853000cd25577478e9fd8f6d866d9ec73bc0f5f7ece99956b818199437ff76"
    },
    {
        "path":  ".github/workflows/validate-migrations.yml",
        "size":  3596,
        "lines":  113,
        "sha256":  "8ec4dc5abe76d9f631242c6ef6eba4473b12ab77aac3f08ca61a7d0a758823fa"
    },
    {
        "path":  ".github/workflows/web-quality.yml",
        "size":  790,
        "lines":  35,
        "sha256":  "4d68ae77dc28df0a16eb3bf459d9eb9167ffb75390e2662f2f2f46e36df6ee5f"
    }
]
